"_id.buffer.0","_id.buffer.1","_id.buffer.2","_id.buffer.3","_id.buffer.4","_id.buffer.5","_id.buffer.6","_id.buffer.7","_id.buffer.8","_id.buffer.9","_id.buffer.10","_id.buffer.11","senderPartyId","contractId","createdAt","lastOffset","templateId","updatedAt"
105,133,245,232,174,194,54,188,51,39,151,171,"auth0_007c6981b580bbbc196b68a87673::1220ad880a4c22d92d1c10efff2c1800e1d12a2cfe02ba14380aa56b4438b7bff0dd","007dddd43827814377a56720d82b92656958aac84af20c6bec4053da822fdcd715ca1212207558db4f90f161df48de1cd69b3c9b03e8ca149add2d4988c0adf46e8384fcf8","2026-02-06T14:08:40.474Z",2470607,"1b7f03612cc1ae73377e6de9d8a23336ed37cbb71fe8e8ab76bf406735a5b85b:DesynV01Vault:Vault","2026-02-18T05:08:00.740Z"
105,133,245,237,174,194,54,188,51,39,151,180,"auth0_007c6981b580bbbc196b68a87674::1220ad880a4c22d92d1c10efff2c1800e1d12a2cfe02ba14380aa56b4438b7bff0dd","004567d07404b6a7114025a7c664d37c68a40ff3654f5ee406756b342fc00fcb39ca1212207f02df79e84aa56f0610a43f334ec5ba888bc7a4d1b23bcfe55336337587458e","2026-02-06T14:08:45.316Z",2470872,"1b7f03612cc1ae73377e6de9d8a23336ed37cbb71fe8e8ab76bf406735a5b85b:DesynV01Vault:Vault","2026-02-18T05:12:07.693Z"
105,133,245,242,174,194,54,188,51,39,151,198,"auth0_007c6981b580bbbc196b68a87675::1220ad880a4c22d92d1c10efff2c1800e1d12a2cfe02ba14380aa56b4438b7bff0dd","000a9ed578adbc3ecfbe9b968cd611f3ce98db7a8facac5041e61ed73f9c1ee911ca12122030c13a1b4962d1209a8a2665758ea26f9fdda3cab1c25e7d1034a972f80aeea8","2026-02-06T14:08:50.116Z",2471189,"1b7f03612cc1ae73377e6de9d8a23336ed37cbb71fe8e8ab76bf406735a5b85b:DesynV01Vault:Vault","2026-02-18T05:16:03.990Z"
105,133,245,246,174,194,54,188,51,39,151,208,"auth0_007c6981b580bbbc196b68a87676::1220ad880a4c22d92d1c10efff2c1800e1d12a2cfe02ba14380aa56b4438b7bff0dd","0025ff728c3c50c21112eaade216bfa4db429401224929a46822f69e666d3489daca1212202903be38681e5064b7b8599d37ed6f6b878384f42164f133647f29a403ae278d","2026-02-06T14:08:54.534Z",2471481,"1b7f03612cc1ae73377e6de9d8a23336ed37cbb71fe8e8ab76bf406735a5b85b:DesynV01Vault:Vault","2026-02-18T05:20:10.582Z"
105,133,245,251,174,194,54,188,51,39,151,227,"auth0_007c6981b580bbbc196b68a87677::1220ad880a4c22d92d1c10efff2c1800e1d12a2cfe02ba14380aa56b4438b7bff0dd","0062422e383d07e08a2bb6d7cc5589a46ad20534b8390dd4ce2ede815e65cdcb9cca1212203a3e7bffcf625f7db2ee2f45164513946ac37e9de33b2c81508145d9290f1542","2026-02-06T14:08:59.701Z",2471818,"1b7f03612cc1ae73377e6de9d8a23336ed37cbb71fe8e8ab76bf406735a5b85b:DesynV01Vault:Vault","2026-02-18T05:24:16.745Z"
105,133,246,0,174,194,54,188,51,39,151,237,"auth0_007c6981b580bbbc196b68a87678::1220ad880a4c22d92d1c10efff2c1800e1d12a2cfe02ba14380aa56b4438b7bff0dd","00894cbab09c31e19d75dc039199bf12b35c373a4dd99a36e547fbc25d6ac646b3ca12122010d5439fa0d3c6f980c414ce5ee6a4e677de4aac0e57a3006d89bf73ffdffcda","2026-02-06T14:09:04.541Z",2472134,"1b7f03612cc1ae73377e6de9d8a23336ed37cbb71fe8e8ab76bf406735a5b85b:DesynV01Vault:Vault","2026-02-18T05:28:23.052Z"
105,133,246,5,174,194,54,188,51,39,152,0,"auth0_007c6981b580bbbc196b68a87679::1220ad880a4c22d92d1c10efff2c1800e1d12a2cfe02ba14380aa56b4438b7bff0dd","00ec00d046751dcf1aa3d4b8d29c51a09b1b568d317da5f5edb3518798843a195aca121220cd5349dbc389822e6d938986aabdc51196c3756a8545a41d49bbed45a604f543","2026-02-06T14:09:09.331Z",2472422,"1b7f03612cc1ae73377e6de9d8a23336ed37cbb71fe8e8ab76bf406735a5b85b:DesynV01Vault:Vault","2026-02-18T05:32:18.929Z"
105,133,246,9,174,194,54,188,51,39,152,11,"auth0_007c6981b580bbbc196b68a8767a::1220ad880a4c22d92d1c10efff2c1800e1d12a2cfe02ba14380aa56b4438b7bff0dd","00373c30777d75a75642bd277fa97b09a360d8b48a8bffa59fbd91e7b62b4d2a42ca1212204f76d3d8b68e98752d8c7a03f1bd57de7f72739b63efae4a7f393ff63be6b5e0","2026-02-06T14:09:13.910Z",2472685,"1b7f03612cc1ae73377e6de9d8a23336ed37cbb71fe8e8ab76bf406735a5b85b:DesynV01Vault:Vault","2026-02-18T05:36:25.184Z"
105,133,246,14,174,194,54,188,51,39,152,30,"auth0_007c6981b580bbbc196b68a8767b::1220ad880a4c22d92d1c10efff2c1800e1d12a2cfe02ba14380aa56b4438b7bff0dd","00f94c6e8df4023b4654d75bd5f38ce7eb3c8b03cda7ee57410f33a7f571f4635aca1212201c8dbe9d1931af978f77dcd7740de3e6ad257c1b5e406dd3632d476b816cf05b","2026-02-06T14:09:18.709Z",2473012,"1b7f03612cc1ae73377e6de9d8a23336ed37cbb71fe8e8ab76bf406735a5b85b:DesynV01Vault:Vault","2026-02-18T05:40:31.691Z"
105,133,246,19,174,194,54,188,51,39,152,38,"auth0_007c6981b580bbbc196b68a8767c::1220ad880a4c22d92d1c10efff2c1800e1d12a2cfe02ba14380aa56b4438b7bff0dd","000d56d307d6f9bbf243d482181a4e1d29e4ffdaa4f72919eaab00f483f3b9aa1eca121220f5d40330b7ba376228e28667a412e5ea0284e77667cca30041b6f0e6ba97770f","2026-02-06T14:09:23.331Z",2473369,"1b7f03612cc1ae73377e6de9d8a23336ed37cbb71fe8e8ab76bf406735a5b85b:DesynV01Vault:Vault","2026-02-18T05:44:38.367Z"
105,133,246,33,174,194,54,188,51,39,152,77,"auth0_007c6981b580bbbc196b68a8767d::1220ad880a4c22d92d1c10efff2c1800e1d12a2cfe02ba14380aa56b4438b7bff0dd","00b03e9e4412868dbe09c5501bdf487975f047093da997f1bcfcf91d037554c7b6ca12122018d18945ccd4db8c1b3b680b298988a52e8377b16679585a01782e76bd44bca1","2026-02-06T14:09:37.889Z",2473674,"1b7f03612cc1ae73377e6de9d8a23336ed37cbb71fe8e8ab76bf406735a5b85b:DesynV01Vault:Vault","2026-02-18T05:48:44.932Z"
105,133,246,39,174,194,54,188,51,39,152,88,"auth0_007c6981b580bbbc196b68a8767e::1220ad880a4c22d92d1c10efff2c1800e1d12a2cfe02ba14380aa56b4438b7bff0dd","005fbd67519a2f41a9141048c001b40cada707ba16f04c5f30c96775a1e0920784ca121220822d48e95c81861f5e5c7e336cdecd0421275639655222b46fbeae965506edeb","2026-02-06T14:09:43.512Z",2474060,"1b7f03612cc1ae73377e6de9d8a23336ed37cbb71fe8e8ab76bf406735a5b85b:DesynV01Vault:Vault","2026-02-18T05:52:55.329Z"
105,133,246,44,174,194,54,188,51,39,152,109,"auth0_007c6981b580bbbc196b68a8767f::1220ad880a4c22d92d1c10efff2c1800e1d12a2cfe02ba14380aa56b4438b7bff0dd","00dfe8a036e24597ba47cb94f1fd9a6d00253aae0d228fd50a0cd6f8903ec1ad9cca121220e4c98a1fb1c270e5f9bc880d874cefeda4a18aa7b4e9edef7571e930eb6a53c0","2026-02-06T14:09:48.317Z",2474365,"1b7f03612cc1ae73377e6de9d8a23336ed37cbb71fe8e8ab76bf406735a5b85b:DesynV01Vault:Vault","2026-02-18T05:56:52.137Z"
105,133,246,48,174,194,54,188,51,39,152,118,"auth0_007c6981b580bbbc196b68a87680::1220ad880a4c22d92d1c10efff2c1800e1d12a2cfe02ba14380aa56b4438b7bff0dd","00c81c76ec1105e5296b80fc944274c2967177055813974edb3fd2b4f3c5a9434cca12122046e853bcb890ef3c5a55779fca88a216a0ab95ad913cc8a234374dd492184b1c","2026-02-06T14:09:52.983Z",2474649,"1b7f03612cc1ae73377e6de9d8a23336ed37cbb71fe8e8ab76bf406735a5b85b:DesynV01Vault:Vault","2026-02-18T06:00:58.925Z"
105,133,246,53,174,194,54,188,51,39,152,137,"auth0_007c6981b580bbbc196b68a87681::1220ad880a4c22d92d1c10efff2c1800e1d12a2cfe02ba14380aa56b4438b7bff0dd","00006de767cba6cb66d80cd4a076113808329477e01dd524d849dc3214dadd90b2ca1212200ab407c58cda74ec11673b1bf9cd23f0bb66b70f2debfffdedcbcf4c38e99a1c","2026-02-06T14:09:57.676Z",2474933,"1b7f03612cc1ae73377e6de9d8a23336ed37cbb71fe8e8ab76bf406735a5b85b:DesynV01Vault:Vault","2026-02-18T06:04:55.925Z"
105,133,246,58,174,194,54,188,51,39,152,148,"auth0_007c6981b580bbbc196b68a87682::1220ad880a4c22d92d1c10efff2c1800e1d12a2cfe02ba14380aa56b4438b7bff0dd","005fd7d1a07f0082ad8bff3159cfbfbbd06c2ede1ec8e8f65adacc0a42b57a6b97ca12122045e626b93627cc5a9d4206ec1b48a76d4011ecbe150aad2e4570dfa21e973bce","2026-02-06T14:10:02.597Z",2475224,"1b7f03612cc1ae73377e6de9d8a23336ed37cbb71fe8e8ab76bf406735a5b85b:DesynV01Vault:Vault","2026-02-18T06:09:02.179Z"
105,133,246,65,174,194,54,188,51,39,152,169,"auth0_007c6981b580bbbc196b68a87683::1220ad880a4c22d92d1c10efff2c1800e1d12a2cfe02ba14380aa56b4438b7bff0dd","006d1c3d9aa5fad12f543be2b19d0f9cbdd33c7b88816422f8dac24d9d07f3e11aca121220f82b3245e97f80e3b93283195534f87509df3b0264728bc6f726ac51d333647f","2026-02-06T14:10:09.648Z",2475543,"1b7f03612cc1ae73377e6de9d8a23336ed37cbb71fe8e8ab76bf406735a5b85b:DesynV01Vault:Vault","2026-02-18T06:13:08.794Z"
105,133,246,70,174,194,54,188,51,39,152,178,"auth0_007c6981b580bbbc196b68a87684::1220ad880a4c22d92d1c10efff2c1800e1d12a2cfe02ba14380aa56b4438b7bff0dd","003b3481e42d259c1e460f9948a7892080443632bd7beae9793fe6da0ff3160cf6ca1212203d2ee51536fe22032086381cec9b4ee11a9aff6002c65c637b1e0bcf45f4f344","2026-02-06T14:10:14.537Z",2475950,"1b7f03612cc1ae73377e6de9d8a23336ed37cbb71fe8e8ab76bf406735a5b85b:DesynV01Vault:Vault","2026-02-18T06:17:24.813Z"
105,133,246,75,174,194,54,188,51,39,152,195,"auth0_007c6981b580bbbc196b68a87685::1220ad880a4c22d92d1c10efff2c1800e1d12a2cfe02ba14380aa56b4438b7bff0dd","002d496bd11f5253ff745a60e5051c99f9e13fdffd9b1fff3f3288556dca9ddbfdca121220ec5cb7dcb79268292fda951cfd4e3f6ff5aa8c35e4f667967a7447d0c44ff96f","2026-02-06T14:10:19.328Z",2476323,"1b7f03612cc1ae73377e6de9d8a23336ed37cbb71fe8e8ab76bf406735a5b85b:DesynV01Vault:Vault","2026-02-18T06:21:31.603Z"
105,133,246,80,174,194,54,188,51,39,152,204,"auth0_007c6981b580bbbc196b68a87686::1220ad880a4c22d92d1c10efff2c1800e1d12a2cfe02ba14380aa56b4438b7bff0dd","00b18905a15f52c75848b8c30dcd0cfd851ecedc1a7826d6f14e49fec5f34539b1ca121220384a479ad9e373ee7090dd11ba2c4732c480b398cc5ddf708b36a321313bae33","2026-02-06T14:10:24.048Z",2476619,"1b7f03612cc1ae73377e6de9d8a23336ed37cbb71fe8e8ab76bf406735a5b85b:DesynV01Vault:Vault","2026-02-18T06:25:28.796Z"
105,133,246,95,174,194,54,188,51,39,152,244,"auth0_007c6981b580bbbc196b68a87687::1220ad880a4c22d92d1c10efff2c1800e1d12a2cfe02ba14380aa56b4438b7bff0dd","00836c86279179c4b1a0d211614821181debaed113f46ddd7374c4ce21fca9e84cca121220e6f7e606fb66be3115a94daf7f4653d0a89ee9b44972ea0eabc4e9f6fab5c802","2026-02-06T14:10:39.031Z",2476892,"1b7f03612cc1ae73377e6de9d8a23336ed37cbb71fe8e8ab76bf406735a5b85b:DesynV01Vault:Vault","2026-02-18T06:29:35.613Z"
105,133,246,99,174,194,54,188,51,39,152,252,"auth0_007c6981b580bbbc196b68a87688::1220ad880a4c22d92d1c10efff2c1800e1d12a2cfe02ba14380aa56b4438b7bff0dd","005ed26201855dac5b586c12dfe25ec79e0b55a439f8cf4992f6a0050275d193fbca121220a88571ddec8907471efeaeddb9c0096c0e8852628461debd1e8ec17219f05b1a","2026-02-06T14:10:43.907Z",2477243,"1b7f03612cc1ae73377e6de9d8a23336ed37cbb71fe8e8ab76bf406735a5b85b:DesynV01Vault:Vault","2026-02-18T06:33:52.468Z"
105,133,246,104,174,194,54,188,51,39,153,16,"auth0_007c6981b580bbbc196b68a87689::1220ad880a4c22d92d1c10efff2c1800e1d12a2cfe02ba14380aa56b4438b7bff0dd","00263376527253de09d2774932f8ba6890159367c45dd1cb22497e272e4b30b2a8ca121220ef2fc46ccfea1836d23a57e5673a9fcade4d6a8086b75f8ef41ce01f48e5f184","2026-02-06T14:10:48.912Z",2477567,"1b7f03612cc1ae73377e6de9d8a23336ed37cbb71fe8e8ab76bf406735a5b85b:DesynV01Vault:Vault","2026-02-18T06:37:59.478Z"
105,133,246,111,174,194,54,188,51,39,153,30,"auth0_007c6981b580bbbc196b68a8768a::1220ad880a4c22d92d1c10efff2c1800e1d12a2cfe02ba14380aa56b4438b7bff0dd","00fe488044ac8a6d95f71dac474acbf3e782a7d7802b6cc46fdb1d4c6713bf0ae6ca121220dfef02980f794f03f7f8e22e05bcfb98acf8b21f8d4b0c1f878690907d08ae32","2026-02-06T14:10:55.027Z",2477967,"1b7f03612cc1ae73377e6de9d8a23336ed37cbb71fe8e8ab76bf406735a5b85b:DesynV01Vault:Vault","2026-02-18T06:42:05.994Z"
105,133,246,116,174,194,54,188,51,39,153,48,"auth0_007c6981b580bbbc196b68a8768b::1220ad880a4c22d92d1c10efff2c1800e1d12a2cfe02ba14380aa56b4438b7bff0dd","0004b212268918e3860373df10d17f60449c30d90280fec4418b1b0942fe226660ca1212202703e379e2053b3bca14f7a0f52eaa98292a2be3c6e40194097447ac67f41cfe","2026-02-06T14:11:00.067Z",2478382,"1b7f03612cc1ae73377e6de9d8a23336ed37cbb71fe8e8ab76bf406735a5b85b:DesynV01Vault:Vault","2026-02-18T06:46:12.794Z"
105,133,246,121,174,194,54,188,51,39,153,60,"auth0_007c6981b580bbbc196b68a8768c::1220ad880a4c22d92d1c10efff2c1800e1d12a2cfe02ba14380aa56b4438b7bff0dd","001a4019c6ec82a143fba27557c3d40619e46729df62b884887f152be3a51817bfca121220844be43290af84b1125131fb783dcef2f0a70858db80d758fde2a945e2e52804","2026-02-06T14:11:05.227Z",2478734,"1b7f03612cc1ae73377e6de9d8a23336ed37cbb71fe8e8ab76bf406735a5b85b:DesynV01Vault:Vault","2026-02-18T06:50:18.948Z"
105,133,246,125,174,194,54,188,51,39,153,78,"auth0_007c6981b580bbbc196b68a8768d::1220ad880a4c22d92d1c10efff2c1800e1d12a2cfe02ba14380aa56b4438b7bff0dd","0086f09bb5028b88f2353a7fe313eebe9f82cfca1fc985dc88f4398e0c5080d35eca12122005bc05d2393a85b9c612a033edef8e0fdb14b1e482f00c91a04fe77aafd4daf1","2026-02-06T14:11:09.658Z",2479094,"1b7f03612cc1ae73377e6de9d8a23336ed37cbb71fe8e8ab76bf406735a5b85b:DesynV01Vault:Vault","2026-02-18T06:54:14.732Z"
105,133,246,130,174,194,54,188,51,39,153,89,"auth0_007c6981b580bbbc196b68a8768e::1220ad880a4c22d92d1c10efff2c1800e1d12a2cfe02ba14380aa56b4438b7bff0dd","00033ecdfb3ebd789922a6a51c6c4e23537cef884dc3a8fccfb66157569cb9e6b5ca1212207445bdb23b9db62b82e6ede08e6e53e7388fb67a05420adb776d195ed1a7c8dd","2026-02-06T14:11:14.326Z",2479507,"1b7f03612cc1ae73377e6de9d8a23336ed37cbb71fe8e8ab76bf406735a5b85b:DesynV01Vault:Vault","2026-02-18T06:58:20.888Z"
105,133,246,136,174,194,54,188,51,39,153,109,"auth0_007c6981b580bbbc196b68a8768f::1220ad880a4c22d92d1c10efff2c1800e1d12a2cfe02ba14380aa56b4438b7bff0dd","0006bc898ad38a28f6a304109d3a8601f355b76e7086c28eb86211de4a24f5c1abca1212205bc126237e51cfb764bec7b0ac91555c1de938f609d36198e0820d7542174c45","2026-02-06T14:11:20.408Z",2479889,"1b7f03612cc1ae73377e6de9d8a23336ed37cbb71fe8e8ab76bf406735a5b85b:DesynV01Vault:Vault","2026-02-18T07:02:27.493Z"
105,133,246,141,174,194,54,188,51,39,153,118,"auth0_007c6981b580bbbc196b68a87690::1220ad880a4c22d92d1c10efff2c1800e1d12a2cfe02ba14380aa56b4438b7bff0dd","0014da72554662bd0c0586fee34082540a41fc87795ddb43b1cd3967a2fcb93ecdca12122018c69fba17194925af2de24c2569c2fdb329ee262b038ea92591f1cdb67c2236","2026-02-06T14:11:25.570Z",2480234,"1b7f03612cc1ae73377e6de9d8a23336ed37cbb71fe8e8ab76bf406735a5b85b:DesynV01Vault:Vault","2026-02-18T07:06:33.144Z"
105,133,246,157,174,194,54,188,51,39,153,157,"auth0_007c6981b580bbbc196b68a87691::1220ad880a4c22d92d1c10efff2c1800e1d12a2cfe02ba14380aa56b4438b7bff0dd","00c274728f504d3f76844e3dca235bdcfe0997dedc5b4296b3e598e13f305cfbb6ca12122012de50b69845d2f50041ab573a5ba835a54d9b603642b605ddf178a8e3dba6f7","2026-02-06T14:11:41.102Z",2480540,"1b7f03612cc1ae73377e6de9d8a23336ed37cbb71fe8e8ab76bf406735a5b85b:DesynV01Vault:Vault","2026-02-18T07:10:39.467Z"
105,133,246,161,174,194,54,188,51,39,153,167,"auth0_007c6981b580bbbc196b68a87692::1220ad880a4c22d92d1c10efff2c1800e1d12a2cfe02ba14380aa56b4438b7bff0dd","0015462736e8934d437d4cc1f5070a519feb32493f3a22f1b13f5c6215fc01d114ca1212209230fff14219dbf1900673b1d49744cd287032e6d751ed28992600bb10d5871e","2026-02-06T14:11:45.758Z",2480864,"1b7f03612cc1ae73377e6de9d8a23336ed37cbb71fe8e8ab76bf406735a5b85b:DesynV01Vault:Vault","2026-02-18T07:14:46.241Z"
105,133,246,168,174,194,54,188,51,39,153,186,"auth0_007c6981b580bbbc196b68a87693::1220ad880a4c22d92d1c10efff2c1800e1d12a2cfe02ba14380aa56b4438b7bff0dd","00c164336d54929195cfe564df1d41b458c3f82784d618260309d4d1661ca30efcca121220282627b75762bbcafeb8659a46fd4835f56aec49f3f00c44e2e804699a598276","2026-02-06T14:11:52.956Z",2481268,"1b7f03612cc1ae73377e6de9d8a23336ed37cbb71fe8e8ab76bf406735a5b85b:DesynV01Vault:Vault","2026-02-18T07:18:52.414Z"
105,133,246,174,174,194,54,188,51,39,153,208,"auth0_007c6981b580bbbc196b68a87694::1220ad880a4c22d92d1c10efff2c1800e1d12a2cfe02ba14380aa56b4438b7bff0dd","00d735111f9b5e6a87a16e2d95a13b7fd78bea96d14568a68cafedec24ed1de6f6ca1212204478a5bb9a0bdc31bf94f7ca804e099f775a704633d4751e2ed398c0254c1f01","2026-02-06T14:11:58.246Z",2481529,"1b7f03612cc1ae73377e6de9d8a23336ed37cbb71fe8e8ab76bf406735a5b85b:DesynV01Vault:Vault","2026-02-18T07:22:49.036Z"
105,133,246,179,174,194,54,188,51,39,153,216,"auth0_007c6981b580bbbc196b68a87695::1220ad880a4c22d92d1c10efff2c1800e1d12a2cfe02ba14380aa56b4438b7bff0dd","00fa9c97de3f0d8e69674319a2d56b1e97e889c604945464fb70a468795fbcacc8ca1212207ccac8ad557a8ddb709ee5f47add671cbfa674657c0d11aa901694d14cd211a5","2026-02-06T14:12:03.791Z",2481795,"1b7f03612cc1ae73377e6de9d8a23336ed37cbb71fe8e8ab76bf406735a5b85b:DesynV01Vault:Vault","2026-02-18T07:26:55.352Z"
105,133,246,184,174,194,54,188,51,39,153,234,"auth0_007c6981b580bbbc196b68a87696::1220ad880a4c22d92d1c10efff2c1800e1d12a2cfe02ba14380aa56b4438b7bff0dd","00c4bf23d0374d8bd723b1ec48ac446b38b07b92616b10a8632fe9f60fb9303413ca121220dccbf94152e89c26f533f432218543987c9cedf1ca9f77f22a7f6c67ed5c577a","2026-02-06T14:12:08.503Z",2482163,"1b7f03612cc1ae73377e6de9d8a23336ed37cbb71fe8e8ab76bf406735a5b85b:DesynV01Vault:Vault","2026-02-18T07:31:01.605Z"
105,133,246,189,174,194,54,188,51,39,153,244,"auth0_007c6981b580bbbc196b68a87697::1220ad880a4c22d92d1c10efff2c1800e1d12a2cfe02ba14380aa56b4438b7bff0dd","009d827f43647cd4cf88f7da10a665938542968185aed44cec43d1c9b32277d575ca1212202da8febdc043eaee92576e7c9a67be0dfe967f5a0979f227fc9798755811c6fa","2026-02-06T14:12:13.524Z",2482520,"1b7f03612cc1ae73377e6de9d8a23336ed37cbb71fe8e8ab76bf406735a5b85b:DesynV01Vault:Vault","2026-02-18T07:35:08.232Z"
105,133,246,195,174,194,54,188,51,39,154,9,"auth0_007c6981b580bbbc196b68a87698::1220ad880a4c22d92d1c10efff2c1800e1d12a2cfe02ba14380aa56b4438b7bff0dd","005912e64b971f1b7a310d56b05a84c74213011d82b2bf51f26efa198a9084d9e4ca1212201dc90fd8a93e6a6f610efd0376453959e9a0ef95f623c094b34cc2e2ea393b43","2026-02-06T14:12:19.572Z",2482837,"1b7f03612cc1ae73377e6de9d8a23336ed37cbb71fe8e8ab76bf406735a5b85b:DesynV01Vault:Vault","2026-02-18T07:39:14.282Z"
105,133,246,200,174,194,54,188,51,39,154,20,"auth0_007c6981b580bbbc196b68a87699::1220ad880a4c22d92d1c10efff2c1800e1d12a2cfe02ba14380aa56b4438b7bff0dd","0041e2d229d1c60d8bae2bbea4a1aa421a1db8508a1dbff18d350d4e78c7635bd9ca121220d073c41f224531cf134bbb7dfdc627b0f8c6aa1f02c260cc4b53c93e2d18ca08","2026-02-06T14:12:24.560Z",2483102,"1b7f03612cc1ae73377e6de9d8a23336ed37cbb71fe8e8ab76bf406735a5b85b:DesynV01Vault:Vault","2026-02-18T07:43:10.334Z"
105,133,246,205,174,194,54,188,51,39,154,38,"auth0_007c6981b580bbbc196b68a8769a::1220ad880a4c22d92d1c10efff2c1800e1d12a2cfe02ba14380aa56b4438b7bff0dd","004ff2f9748ba2674e6711544626ff34fcb9f85fd6d6263001da3bcbe50802860eca1212207012cf0ac926c6784d4adaeb8a5d8d53fb13cd1de452d01bc0109ae4db167f46","2026-02-06T14:12:29.521Z",2483353,"1b7f03612cc1ae73377e6de9d8a23336ed37cbb71fe8e8ab76bf406735a5b85b:DesynV01Vault:Vault","2026-02-18T07:47:16.389Z"
105,133,246,221,174,194,54,188,51,39,154,70,"auth0_007c6981b580bbbc196b68a8769b::1220ad880a4c22d92d1c10efff2c1800e1d12a2cfe02ba14380aa56b4438b7bff0dd","00554f2526404980d6487e34a295e645194d07808cc0bd766ea3c9f9e411c501dbca1212200bbdd01ddd2e5d3f35d4b117331144d267fa600efdbf54b1e7c7562ca0e85660","2026-02-06T14:12:45.216Z",2483668,"1b7f03612cc1ae73377e6de9d8a23336ed37cbb71fe8e8ab76bf406735a5b85b:DesynV01Vault:Vault","2026-02-18T07:51:23.022Z"
105,133,246,226,174,194,54,188,51,39,154,87,"auth0_007c6981b580bbbc196b68a8769c::1220ad880a4c22d92d1c10efff2c1800e1d12a2cfe02ba14380aa56b4438b7bff0dd","0026d9d69005aa2470c39f032c7374c7385b31399b9be019ee6b2561486a49b489ca121220e77ad4022ebc784ef07b8c981eb1148f81d858202d52c80bd74c7fd5117460d3","2026-02-06T14:12:50.659Z",2483983,"1b7f03612cc1ae73377e6de9d8a23336ed37cbb71fe8e8ab76bf406735a5b85b:DesynV01Vault:Vault","2026-02-18T07:55:29.592Z"
105,133,246,231,174,194,54,188,51,39,154,97,"auth0_007c6981b580bbbc196b68a8769d::1220ad880a4c22d92d1c10efff2c1800e1d12a2cfe02ba14380aa56b4438b7bff0dd","00253e4d2f89545d4df2f2858dbdc97b13586c48c4803aaabdf8187a3384b15365ca12122035a798340115318654200a3524ba2084d50cda264860519a37e475bfccc381c5","2026-02-06T14:12:55.743Z",2484311,"1b7f03612cc1ae73377e6de9d8a23336ed37cbb71fe8e8ab76bf406735a5b85b:DesynV01Vault:Vault","2026-02-18T07:59:36.858Z"
105,133,246,236,174,194,54,188,51,39,154,118,"auth0_007c6981b580bbbc196b68a8769e::1220ad880a4c22d92d1c10efff2c1800e1d12a2cfe02ba14380aa56b4438b7bff0dd","00696051e151d4e4f888850d5e7d46ed0a7510fa006a60b664f81b6b7413053db3ca121220bb63c09a46f4f9526af50bb17a238da8677a30b784e1e3a6bd358e06e81c88da","2026-02-06T14:13:00.265Z",2484629,"1b7f03612cc1ae73377e6de9d8a23336ed37cbb71fe8e8ab76bf406735a5b85b:DesynV01Vault:Vault","2026-02-18T08:03:33.446Z"
105,133,246,240,174,194,54,188,51,39,154,129,"auth0_007c6981b580bbbc196b68a8769f::1220ad880a4c22d92d1c10efff2c1800e1d12a2cfe02ba14380aa56b4438b7bff0dd","006ba3eb4b0fade7bacb5bbb1b291dbd9cfd30a67e55724c39785a5b609ef7b196ca121220550111cb1e10b6c5cba1abf8447ffa7d6fca1d95aede7268a73a614f21f942c0","2026-02-06T14:13:04.685Z",2485090,"1b7f03612cc1ae73377e6de9d8a23336ed37cbb71fe8e8ab76bf406735a5b85b:DesynV01Vault:Vault","2026-02-18T08:07:40.538Z"
105,133,246,246,174,194,54,188,51,39,154,147,"auth0_007c6981b580bbbc196b68a876a0::1220ad880a4c22d92d1c10efff2c1800e1d12a2cfe02ba14380aa56b4438b7bff0dd","00130be5d0ee696ad601ca3bbf972256fdb69196bd6b97f11482152153850f67d5ca1212202f9b4a220830267b9a062d1d46084304e3c6270c422e964faea457724846532c","2026-02-06T14:13:10.817Z",2485374,"1b7f03612cc1ae73377e6de9d8a23336ed37cbb71fe8e8ab76bf406735a5b85b:DesynV01Vault:Vault","2026-02-18T08:11:47.111Z"
105,133,246,251,174,194,54,188,51,39,154,156,"auth0_007c6981b580bbbc196b68a876a1::1220ad880a4c22d92d1c10efff2c1800e1d12a2cfe02ba14380aa56b4438b7bff0dd","00b2825bab043ae727cdfcfd67c0f2ab828d31fa50f9a82bee027861c3d1a97f35ca121220f746eb0b7a0d2acdc765ab4aea58a2a4c828e650c7faf93101f71a8dd77a63db","2026-02-06T14:13:15.563Z",2485708,"1b7f03612cc1ae73377e6de9d8a23336ed37cbb71fe8e8ab76bf406735a5b85b:DesynV01Vault:Vault","2026-02-18T08:15:54.212Z"
105,133,247,0,174,194,54,188,51,39,154,172,"auth0_007c6981b580bbbc196b68a876a2::1220ad880a4c22d92d1c10efff2c1800e1d12a2cfe02ba14380aa56b4438b7bff0dd","00288d2b1c1e443dfc07db795a32dbd5d1b858d7ea0af3636650e64deb3f21d2b2ca12122051b790e130ff606b6b97323b7bda144cafbba7488b51690e76199867d9b01a4d","2026-02-06T14:13:20.557Z",2485998,"1b7f03612cc1ae73377e6de9d8a23336ed37cbb71fe8e8ab76bf406735a5b85b:DesynV01Vault:Vault","2026-02-18T08:19:51.293Z"
105,133,247,5,174,194,54,188,51,39,154,185,"auth0_007c6981b580bbbc196b68a876a3::1220ad880a4c22d92d1c10efff2c1800e1d12a2cfe02ba14380aa56b4438b7bff0dd","00c66aafa7612eb7e648a2f95c69db6e2109b94c863ee851c457632fa6d139040dca1212202f8cdfb3a417b378e84608780323270ff087e8fb3cc2bc98b3801e26441bdff1","2026-02-06T14:13:25.846Z",2486343,"1b7f03612cc1ae73377e6de9d8a23336ed37cbb71fe8e8ab76bf406735a5b85b:DesynV01Vault:Vault","2026-02-18T08:23:58.047Z"
105,133,247,11,174,194,54,188,51,39,154,203,"auth0_007c6981b580bbbc196b68a876a4::1220ad880a4c22d92d1c10efff2c1800e1d12a2cfe02ba14380aa56b4438b7bff0dd","004350cf4fc27fe960975fb97da96ccff7e989fc167f7ea4b86d13d4df76f0602bca1212204b7709318973c39e96dee486fef4935c1a8d88e09b01bfcf758a5b01654ab4c1","2026-02-06T14:13:31.537Z",2486707,"1b7f03612cc1ae73377e6de9d8a23336ed37cbb71fe8e8ab76bf406735a5b85b:DesynV01Vault:Vault","2026-02-18T08:28:04.274Z"
105,133,247,27,174,194,54,188,51,39,154,252,"auth0_007c6981b580bbbc196b68a876a5::1220ad880a4c22d92d1c10efff2c1800e1d12a2cfe02ba14380aa56b4438b7bff0dd","00a0642db256c0a491787328e33d6eb8747cb254f7adf05293184d3bd6a28009abca121220736cddcd078a2f2257a4d7fe09b223cca853652f618ebdc0fdadbeaf82b1b004","2026-02-06T14:13:47.238Z",2487054,"1b7f03612cc1ae73377e6de9d8a23336ed37cbb71fe8e8ab76bf406735a5b85b:DesynV01Vault:Vault","2026-02-18T08:32:12.044Z"
105,133,247,32,174,194,54,188,51,39,155,6,"auth0_007c6981b580bbbc196b68a876a6::1220ad880a4c22d92d1c10efff2c1800e1d12a2cfe02ba14380aa56b4438b7bff0dd","00adccd971d61310814e5144faf99eedee650e39f23c8da1007a4d01868d6bf287ca121220aaca5953a7c98e102ea41837df21b1973ad329f965069c1545225012d06ec4e9","2026-02-06T14:13:52.970Z",2487397,"1b7f03612cc1ae73377e6de9d8a23336ed37cbb71fe8e8ab76bf406735a5b85b:DesynV01Vault:Vault","2026-02-18T08:36:07.874Z"
105,133,247,38,174,194,54,188,51,39,155,27,"auth0_007c6981b580bbbc196b68a876a7::1220ad880a4c22d92d1c10efff2c1800e1d12a2cfe02ba14380aa56b4438b7bff0dd","00ddcb7afba238a7cf7d6695fc07b838f20f652f991c1ee2420ce8e7717749ff96ca12122038584eea79c60460504e933c97f2b49abc30c395637e8bbe7d6a245544c84759","2026-02-06T14:13:58.671Z",2455983,"1b7f03612cc1ae73377e6de9d8a23336ed37cbb71fe8e8ab76bf406735a5b85b:DesynV01Vault:Vault","2026-02-18T01:56:11.721Z"
105,133,247,44,174,194,54,188,51,39,155,38,"auth0_007c6981b580bbbc196b68a876a8::1220ad880a4c22d92d1c10efff2c1800e1d12a2cfe02ba14380aa56b4438b7bff0dd","002c6809cb127f090640be2a6790f1d22e950fe205531df62f19286a28901b02b7ca121220d68e9f8b047b6b66224a9a857ecb73f82eaeb10d267dedd52763ef2d21c76aff","2026-02-06T14:14:04.036Z",2487963,"1b7f03612cc1ae73377e6de9d8a23336ed37cbb71fe8e8ab76bf406735a5b85b:DesynV01Vault:Vault","2026-02-18T08:44:17.902Z"
105,133,247,48,174,194,54,188,51,39,155,59,"auth0_007c6981b580bbbc196b68a876a9::1220ad880a4c22d92d1c10efff2c1800e1d12a2cfe02ba14380aa56b4438b7bff0dd","0063bf2f893cb51c55f077022133146071f8fe6106b500c92aff3dbf21fe1e1388ca1212205d5688270d69e79098ffbd63a351e075b38a906f3e9f9815a886e39f80f9e886","2026-02-06T14:14:08.858Z",2488407,"1b7f03612cc1ae73377e6de9d8a23336ed37cbb71fe8e8ab76bf406735a5b85b:DesynV01Vault:Vault","2026-02-18T08:48:24.506Z"
105,133,247,53,174,194,54,188,51,39,155,68,"auth0_007c6981b580bbbc196b68a876aa::1220ad880a4c22d92d1c10efff2c1800e1d12a2cfe02ba14380aa56b4438b7bff0dd","004447e8dcdd6e4051b5565ad7cadb587308c0c8a3a2883ab78a19e3edf049ebd4ca121220ed3856c610bde97ea034fb7ab1ed046dd38d362abf26855fedff4fbbfc15e333","2026-02-06T14:14:13.529Z",2488764,"1b7f03612cc1ae73377e6de9d8a23336ed37cbb71fe8e8ab76bf406735a5b85b:DesynV01Vault:Vault","2026-02-18T08:52:31.138Z"
105,133,247,59,174,194,54,188,51,39,155,89,"auth0_007c6981b580bbbc196b68a876ab::1220ad880a4c22d92d1c10efff2c1800e1d12a2cfe02ba14380aa56b4438b7bff0dd","00558cacb90461d32af6442e3d002b949c7c442ef1442ff618fc6531cd53887cdaca1212201227d06a802783aa29695850b754cb2460582ff9078e2167a26ce1d02f5f63dc","2026-02-06T14:14:19.826Z",2489103,"1b7f03612cc1ae73377e6de9d8a23336ed37cbb71fe8e8ab76bf406735a5b85b:DesynV01Vault:Vault","2026-02-18T08:56:27.151Z"
105,133,247,65,174,194,54,188,51,39,155,102,"auth0_007c6981b580bbbc196b68a876ac::1220ad880a4c22d92d1c10efff2c1800e1d12a2cfe02ba14380aa56b4438b7bff0dd","00419aedd80954ff8147db63a954ebea631ca98e5419acf258ef2cdd174a92dc72ca121220d33633ddb25c3c11ee2158b90d21b208f120ddfbf737a92881b4fd85ae64f2ae","2026-02-06T14:14:25.869Z",2489495,"1b7f03612cc1ae73377e6de9d8a23336ed37cbb71fe8e8ab76bf406735a5b85b:DesynV01Vault:Vault","2026-02-18T09:00:33.892Z"
105,133,247,71,174,194,54,188,51,39,155,120,"auth0_007c6981b580bbbc196b68a876ad::1220ad880a4c22d92d1c10efff2c1800e1d12a2cfe02ba14380aa56b4438b7bff0dd","00c06afde7fd7fb8bef8c30b9a614762ecb4cfd0939a57b05fdde7d88a0ab648f3ca121220a9d0fbe06dc9f90c609f5fc49a436dfeaa82228f1cac8416b0d508f53ecd9ac5","2026-02-06T14:14:31.134Z",2489846,"1b7f03612cc1ae73377e6de9d8a23336ed37cbb71fe8e8ab76bf406735a5b85b:DesynV01Vault:Vault","2026-02-18T09:04:40.912Z"
105,133,247,76,174,194,54,188,51,39,155,139,"auth0_007c6981b580bbbc196b68a876ae::1220ad880a4c22d92d1c10efff2c1800e1d12a2cfe02ba14380aa56b4438b7bff0dd","00340a9098f0c68f6f9638680a1d4501072275174f5a7f980761461d99ad55b169ca1212207c95eb1f8f7f460d039e545f9805a353443a5a2978cf36dba082a171af00bc66","2026-02-06T14:14:36.977Z",2490150,"1b7f03612cc1ae73377e6de9d8a23336ed37cbb71fe8e8ab76bf406735a5b85b:DesynV01Vault:Vault","2026-02-18T09:08:47.333Z"
105,133,247,93,174,194,54,188,51,39,155,173,"auth0_007c6981b580bbbc196b68a876af::1220ad880a4c22d92d1c10efff2c1800e1d12a2cfe02ba14380aa56b4438b7bff0dd","002c3b18f3441507ab519ad2f9a04e0e82a572606ba5cb797a95a174314f8fedf1ca121220c4864feb64fc4ff52942f66adab5331241aea4f7b49355c823df3283219d4243","2026-02-06T14:14:53.942Z",2490518,"1b7f03612cc1ae73377e6de9d8a23336ed37cbb71fe8e8ab76bf406735a5b85b:DesynV01Vault:Vault","2026-02-18T09:12:54.446Z"
105,133,247,98,174,194,54,188,51,39,155,191,"auth0_007c6981b580bbbc196b68a876b0::1220ad880a4c22d92d1c10efff2c1800e1d12a2cfe02ba14380aa56b4438b7bff0dd","00dd6d13830efc4b2e8a4434cec7d710cf08c780385ab16dd4dd230811aac53f16ca12122016d1e67e9501cdefe0d5efebb34b96921de4c29119dcafc42b4f2367c1f637c2","2026-02-06T14:14:58.674Z",2490859,"1b7f03612cc1ae73377e6de9d8a23336ed37cbb71fe8e8ab76bf406735a5b85b:DesynV01Vault:Vault","2026-02-18T09:17:00.792Z"
105,133,247,104,174,194,54,188,51,39,155,201,"auth0_007c6981b580bbbc196b68a876b1::1220ad880a4c22d92d1c10efff2c1800e1d12a2cfe02ba14380aa56b4438b7bff0dd","009a896860d792e6162041d13ca0be3e72b7d59ad526f22f523acabdf5371c4eb4ca121220a6f4deb0eeb6b34950def587c68aa7ba04fced2625bd845192ca4a0a6320ab3f","2026-02-06T14:15:04.192Z",2491265,"1b7f03612cc1ae73377e6de9d8a23336ed37cbb71fe8e8ab76bf406735a5b85b:DesynV01Vault:Vault","2026-02-18T09:20:57.990Z"
105,133,247,109,174,194,54,188,51,39,155,223,"auth0_007c6981b580bbbc196b68a876b2::1220ad880a4c22d92d1c10efff2c1800e1d12a2cfe02ba14380aa56b4438b7bff0dd","00dbb08b2486cd1da4f8175b67e2cd411bdbfd17506aa3c5713cd790c83fe61d28ca1212208750bc461dfaede7a2f9f28c4138052a5399996a7ec5f05681c7c7355a58d367","2026-02-06T14:15:09.716Z",2491595,"1b7f03612cc1ae73377e6de9d8a23336ed37cbb71fe8e8ab76bf406735a5b85b:DesynV01Vault:Vault","2026-02-18T09:25:04.298Z"
105,133,247,115,174,194,54,188,51,39,155,235,"auth0_007c6981b580bbbc196b68a876b3::1220ad880a4c22d92d1c10efff2c1800e1d12a2cfe02ba14380aa56b4438b7bff0dd","0047d4a7fb834732a267c3fd1debd6a690a09144d2c794ddf86f2c5ab1dfc09fb3ca1212208d9d42b440a979d1d1bfbb66ce88892d8c2abec3134fc5dc338671e30f931d5e","2026-02-06T14:15:15.364Z",2491973,"1b7f03612cc1ae73377e6de9d8a23336ed37cbb71fe8e8ab76bf406735a5b85b:DesynV01Vault:Vault","2026-02-18T09:29:10.382Z"
105,133,247,219,174,194,54,188,51,39,156,90,"auth0_007c698073414e36454e3e16c254::1220ad880a4c22d92d1c10efff2c1800e1d12a2cfe02ba14380aa56b4438b7bff0dd","00ae0a69dad63ac334571431ceaaf4a6c66acc0ca3c54511732c8e44dc0c74e1d1ca12122009d01949e2ca0be4057dcad0a4e7bf3193ad9d7da13563024e632cd91f7d0202","2026-02-06T14:16:59.357Z",2467951,"1b7f03612cc1ae73377e6de9d8a23336ed37cbb71fe8e8ab76bf406735a5b85b:DesynV01Vault:Vault","2026-02-18T04:31:24.198Z"
105,133,248,35,174,194,54,188,51,39,156,247,"auth0_007c6981b580bbbc196b68a8766b::1220ad880a4c22d92d1c10efff2c1800e1d12a2cfe02ba14380aa56b4438b7bff0dd","0056ed8a37c5bef63489aca462a68cce02ed4db0e48f4fccda5a116a6cb7eaed3cca121220492c781111c0f5b1be30cafb12b9fabbf3462ed7183d93d6e5d1d09f8d8c88b1","2026-02-06T14:18:11.149Z",2468269,"1b7f03612cc1ae73377e6de9d8a23336ed37cbb71fe8e8ab76bf406735a5b85b:DesynV01Vault:Vault","2026-02-18T04:35:20.903Z"
105,133,248,98,174,194,54,188,51,39,157,141,"auth0_007c6981b580bbbc196b68a8766c::1220ad880a4c22d92d1c10efff2c1800e1d12a2cfe02ba14380aa56b4438b7bff0dd","00878ae65ba1280e7fb001baf515bff1efa1ccac9e062c7a31f142d285fea85e01ca12122088a56fbf0cebcb168422fe0fbe6de842f66c01da6a7f651defa25063da701a76","2026-02-06T14:19:14.659Z",2468550,"1b7f03612cc1ae73377e6de9d8a23336ed37cbb71fe8e8ab76bf406735a5b85b:DesynV01Vault:Vault","2026-02-18T04:39:27.209Z"
105,133,248,188,174,194,54,188,51,39,158,77,"auth0_007c6981b580bbbc196b68a8766d::1220ad880a4c22d92d1c10efff2c1800e1d12a2cfe02ba14380aa56b4438b7bff0dd","008438d09e5affc56cc229ab61fee2eac271fa69dd9286b5fdd256a619d3a68ee4ca12122094be3181f528d4a5f642b975d18ade66fbe657d85528393734d12d8a5ea25220","2026-02-06T14:20:44.950Z",2468885,"1b7f03612cc1ae73377e6de9d8a23336ed37cbb71fe8e8ab76bf406735a5b85b:DesynV01Vault:Vault","2026-02-18T04:43:33.426Z"
105,133,248,249,174,194,54,188,51,39,158,225,"auth0_007c6981b580bbbc196b68a8766e::1220ad880a4c22d92d1c10efff2c1800e1d12a2cfe02ba14380aa56b4438b7bff0dd","00899af94d653ee0fc4da6885f065e1d58a2405fec94bdd50bcd10d884f524ed26ca121220b69d18049ec8d8b3fdbecd7b3a10aab16e48b60a4dbaaaacbbda10e9630fce01","2026-02-06T14:21:45.912Z",2469224,"1b7f03612cc1ae73377e6de9d8a23336ed37cbb71fe8e8ab76bf406735a5b85b:DesynV01Vault:Vault","2026-02-18T04:47:39.633Z"
105,133,249,64,174,194,54,188,51,39,159,126,"auth0_007c6981b580bbbc196b68a8766f::1220ad880a4c22d92d1c10efff2c1800e1d12a2cfe02ba14380aa56b4438b7bff0dd","006b900f0248f27ca982250b5d447fd5fe5f67b1b92dee80e057888d7915cb199cca1212206de036ae40f7915cc7df58f8f8137569597d4b46886d145c7c321b600bbe3845","2026-02-06T14:22:56.474Z",2469599,"1b7f03612cc1ae73377e6de9d8a23336ed37cbb71fe8e8ab76bf406735a5b85b:DesynV01Vault:Vault","2026-02-18T04:51:46.010Z"
105,133,249,137,174,194,54,188,51,39,160,38,"auth0_007c6981b580bbbc196b68a87670::1220ad880a4c22d92d1c10efff2c1800e1d12a2cfe02ba14380aa56b4438b7bff0dd","00851472a15e426490f79a28f5f727bd60f84674c09d71803a69e714605c32daacca1212207a7ae78c650ff211bc1dd855fe756fd3fc14b68e8a9539a1e17abcd68f1b0859","2026-02-06T14:24:09.112Z",2469841,"1b7f03612cc1ae73377e6de9d8a23336ed37cbb71fe8e8ab76bf406735a5b85b:DesynV01Vault:Vault","2026-02-18T04:55:42.150Z"
105,133,249,197,174,194,54,188,51,39,160,172,"auth0_007c6981b580bbbc196b68a87671::1220ad880a4c22d92d1c10efff2c1800e1d12a2cfe02ba14380aa56b4438b7bff0dd","00c16096269b785110c29673971eaa5561ea891dda52ae6b9253fb42cfaad4a419ca121220891afc738c019628b0e7824b588ba3d90658bcd4f159ab70ca0e5157d6fe1bc6","2026-02-06T14:25:09.436Z",2470064,"1b7f03612cc1ae73377e6de9d8a23336ed37cbb71fe8e8ab76bf406735a5b85b:DesynV01Vault:Vault","2026-02-18T04:59:48.232Z"
105,133,250,1,174,194,54,188,51,39,161,54,"auth0_007c6981b580bbbc196b68a87672::1220ad880a4c22d92d1c10efff2c1800e1d12a2cfe02ba14380aa56b4438b7bff0dd","00b763fec3f8dca343622fa6ff3091914d454c7abc958037ade1fa929dc623bbf4ca121220c6f9661e313db0b33ef46293e2e6a8236348cba18a0ffb77b668277780da7f2b","2026-02-06T14:26:09.510Z",2470338,"1b7f03612cc1ae73377e6de9d8a23336ed37cbb71fe8e8ab76bf406735a5b85b:DesynV01Vault:Vault","2026-02-18T05:03:54.389Z"
105,134,10,201,174,194,54,188,51,39,198,243,"auth0_007c6981b580bbbc196b68a876b4::1220ad880a4c22d92d1c10efff2c1800e1d12a2cfe02ba14380aa56b4438b7bff0dd","00c20b2ea8434d3448a40ea73a085df967cd5a006ef1d6a33c87f20c13dc12ee65ca121220cb502db9227dede588ed1bd280d76332cfa1bacf3d8418d6017b6f4e7186ed58","2026-02-06T15:37:45.983Z",2492303,"1b7f03612cc1ae73377e6de9d8a23336ed37cbb71fe8e8ab76bf406735a5b85b:DesynV01Vault:Vault","2026-02-18T09:33:17.060Z"
105,134,11,5,174,194,54,188,51,39,199,128,"auth0_007c6981b580bbbc196b68a876b5::1220ad880a4c22d92d1c10efff2c1800e1d12a2cfe02ba14380aa56b4438b7bff0dd","00517cba3842c05666639c8659e0e6d7cce4ee277fb40c4c7658a27a2bf75554d7ca121220ca5e961c394f30b44ed190c99033a70d61ea6bd92a341f8f85c35ef5a2e9c7fe","2026-02-06T15:38:45.101Z",2492708,"1b7f03612cc1ae73377e6de9d8a23336ed37cbb71fe8e8ab76bf406735a5b85b:DesynV01Vault:Vault","2026-02-18T09:37:23.200Z"
105,134,11,74,174,194,54,188,51,39,200,30,"auth0_007c6981b580bbbc196b68a876b6::1220ad880a4c22d92d1c10efff2c1800e1d12a2cfe02ba14380aa56b4438b7bff0dd","003f4e459fff4c2e06860271f4721d5137f9ca94105a6a9d0cb423b95027360939ca121220e48e0f01b05dac2dfd2445820f3aa1a0eed86c8a37724b968ac00a4c4d591c4a","2026-02-06T15:39:54.825Z",2493036,"1b7f03612cc1ae73377e6de9d8a23336ed37cbb71fe8e8ab76bf406735a5b85b:DesynV01Vault:Vault","2026-02-18T09:41:19.382Z"
105,134,11,134,174,194,54,188,51,39,200,164,"auth0_007c6981b580bbbc196b68a876b7::1220ad880a4c22d92d1c10efff2c1800e1d12a2cfe02ba14380aa56b4438b7bff0dd","000b2dcbb18785156f49483bd239c13079f188c40e9eba0a95e40c0e267d2c7005ca121220749603186c084bf2b4b09915486352bf461ea3e30a97edc7b0685c268142d235","2026-02-06T15:40:54.031Z",2493284,"1b7f03612cc1ae73377e6de9d8a23336ed37cbb71fe8e8ab76bf406735a5b85b:DesynV01Vault:Vault","2026-02-18T09:45:26.132Z"
105,134,11,203,174,194,54,188,51,39,201,66,"auth0_007c6981b580bbbc196b68a876b8::1220ad880a4c22d92d1c10efff2c1800e1d12a2cfe02ba14380aa56b4438b7bff0dd","0054babbfa7d04acc0ab86701d0a46bae1afebe99784668788779ccc9cc729388cca1212203b6fe17eca604e6068bf9a531be49205442af4df1e6570c912df124f5d9b4032","2026-02-06T15:42:03.245Z",2493646,"1b7f03612cc1ae73377e6de9d8a23336ed37cbb71fe8e8ab76bf406735a5b85b:DesynV01Vault:Vault","2026-02-18T09:49:32.540Z"
105,134,12,13,174,194,54,188,51,39,201,217,"auth0_007c6981b580bbbc196b68a876b9::1220ad880a4c22d92d1c10efff2c1800e1d12a2cfe02ba14380aa56b4438b7bff0dd","0084b788e2aeee846f64acf1b06961493e115ad245c37a79a2d4dd7ab441cb8700ca121220595af7ea09b25acec2e847b9393ecd3d5ee89aee4050f1853673182332499cb1","2026-02-06T15:43:09.544Z",2494026,"1b7f03612cc1ae73377e6de9d8a23336ed37cbb71fe8e8ab76bf406735a5b85b:DesynV01Vault:Vault","2026-02-18T09:53:49.235Z"
105,134,12,72,174,194,54,188,51,39,202,93,"auth0_007c6981b580bbbc196b68a876ba::1220ad880a4c22d92d1c10efff2c1800e1d12a2cfe02ba14380aa56b4438b7bff0dd","00dff18ea298728a07f1ba84d7e374c69eb11adf0995429667bd7c1439e7507677ca1212205bee4defe4b8c10c6ea8d57061d8d03f953890c6447d48d50a6f008474676ee3","2026-02-06T15:44:08.501Z",2461839,"1b7f03612cc1ae73377e6de9d8a23336ed37cbb71fe8e8ab76bf406735a5b85b:DesynV01Vault:Vault","2026-02-18T03:13:46.953Z"
105,134,12,142,174,194,54,188,51,39,202,250,"auth0_007c6981b580bbbc196b68a876bb::1220ad880a4c22d92d1c10efff2c1800e1d12a2cfe02ba14380aa56b4438b7bff0dd","006036a552f1700e56a15e68a66631f72c0dd0ef0fe35239e8bcbd5eb20826dca8ca1212202f1eac335d2851c2d2000595148dd95491ff992d00f3a67573ff970243352517","2026-02-06T15:45:18.684Z",2462204,"1b7f03612cc1ae73377e6de9d8a23336ed37cbb71fe8e8ab76bf406735a5b85b:DesynV01Vault:Vault","2026-02-18T03:17:53.221Z"
105,134,12,202,174,194,54,188,51,39,203,130,"auth0_007c6981b580bbbc196b68a876bc::1220ad880a4c22d92d1c10efff2c1800e1d12a2cfe02ba14380aa56b4438b7bff0dd","00d2214c740663d1d87b53c39f44d3dfb765e1b693c6753d6bba9fa15a1917fc48ca1212209b1ccceb847f1f3f7ef1147b03d7ed8b1873a4758b39868a05174dcee2351daf","2026-02-06T15:46:18.421Z",2462489,"1b7f03612cc1ae73377e6de9d8a23336ed37cbb71fe8e8ab76bf406735a5b85b:DesynV01Vault:Vault","2026-02-18T03:21:49.665Z"
105,134,13,25,174,194,54,188,51,39,204,48,"auth0_007c6981b580bbbc196b68a876bd::1220ad880a4c22d92d1c10efff2c1800e1d12a2cfe02ba14380aa56b4438b7bff0dd","009e5a5a24c70713012db19a99849e2644df4d93d48be98aa7327e9f24b9b83cccca121220bbf9e3154fac44e8b264d9d3fa078e9538783e2c7c0dff23bc83e58ea1f6be44","2026-02-06T15:47:37.890Z",2462815,"1b7f03612cc1ae73377e6de9d8a23336ed37cbb71fe8e8ab76bf406735a5b85b:DesynV01Vault:Vault","2026-02-18T03:25:56.381Z"
105,134,13,91,174,194,54,188,51,39,204,204,"auth0_007c6981b580bbbc196b68a876be::1220ad880a4c22d92d1c10efff2c1800e1d12a2cfe02ba14380aa56b4438b7bff0dd","00c5a9dfe7e56f2552ffa048a223d188a25ff92f0360c472d3be871a74fe8ad7dbca121220201a88e037edefe1abbcf9e5756449f7b8053e583ebca4b368b7786bb8b62689","2026-02-06T15:48:43.251Z",2463102,"1b7f03612cc1ae73377e6de9d8a23336ed37cbb71fe8e8ab76bf406735a5b85b:DesynV01Vault:Vault","2026-02-18T03:30:12.826Z"
105,134,13,151,174,194,54,188,51,39,205,82,"auth0_007c6981b580bbbc196b68a876bf::1220ad880a4c22d92d1c10efff2c1800e1d12a2cfe02ba14380aa56b4438b7bff0dd","00fa74a824fdd72b4a95283ff8e46808fd0f319b5f9ac274aebfd71a893d60bc03ca121220c85cf4904d6c8a7086cc49e723206a02e20c0558931892d6deee602bed09b335","2026-02-06T15:49:43.517Z",2463431,"1b7f03612cc1ae73377e6de9d8a23336ed37cbb71fe8e8ab76bf406735a5b85b:DesynV01Vault:Vault","2026-02-18T03:34:09.426Z"
105,134,13,212,174,194,54,188,51,39,205,224,"auth0_007c6981b580bbbc196b68a876c0::1220ad880a4c22d92d1c10efff2c1800e1d12a2cfe02ba14380aa56b4438b7bff0dd","0081b2ffa7bf3ce45ed6a94fe9391aa934650161eab4656056a2b2150de72d6ef0ca1212208467b82aea03f8160a253cfce5aa1d06eb2f115da2b34fc690003f902540a76a","2026-02-06T15:50:44.534Z",2463763,"1b7f03612cc1ae73377e6de9d8a23336ed37cbb71fe8e8ab76bf406735a5b85b:DesynV01Vault:Vault","2026-02-18T03:38:15.922Z"
105,134,14,23,174,194,54,188,51,39,206,124,"auth0_007c6981b580bbbc196b68a876c1::1220ad880a4c22d92d1c10efff2c1800e1d12a2cfe02ba14380aa56b4438b7bff0dd","007afd5f15ecd02f6eab4841e3ba88423108ff9e2f3f2d20343cd171be4baa5bc6ca12122024826adacea4526d4d2e930aec3eabac4db2360dc6f56e7123258b8b0ec1c246","2026-02-06T15:51:51.598Z",2464022,"1b7f03612cc1ae73377e6de9d8a23336ed37cbb71fe8e8ab76bf406735a5b85b:DesynV01Vault:Vault","2026-02-18T03:42:22.424Z"
105,134,14,90,174,194,54,188,51,39,207,20,"auth0_007c6981b580bbbc196b68a876c2::1220ad880a4c22d92d1c10efff2c1800e1d12a2cfe02ba14380aa56b4438b7bff0dd","002bb5e7fc21c028aead3a25446e993329b9f9c84e9e56c5ab3cd34b12c81913b9ca121220f6b545d23cd967e294ffe22a0c988e0399b1e5bb9592690af38769485ae38072","2026-02-06T15:52:58.212Z",2464369,"1b7f03612cc1ae73377e6de9d8a23336ed37cbb71fe8e8ab76bf406735a5b85b:DesynV01Vault:Vault","2026-02-18T03:46:29.240Z"
105,134,14,150,174,194,54,188,51,39,207,163,"auth0_007c6981b580bbbc196b68a876c3::1220ad880a4c22d92d1c10efff2c1800e1d12a2cfe02ba14380aa56b4438b7bff0dd","00dcf8561c3d759d9c80dfee8d4d2c971a5caca623251ba30e90e788dbc9323f2eca121220c237b11a964fff6803ae001aca155e261fbbfd21b26ed36114f24884aa87c442","2026-02-06T15:53:58.825Z",2464669,"1b7f03612cc1ae73377e6de9d8a23336ed37cbb71fe8e8ab76bf406735a5b85b:DesynV01Vault:Vault","2026-02-18T03:50:25.764Z"
105,134,14,220,174,194,54,188,51,39,208,60,"auth0_007c6981b580bbbc196b68a876c4::1220ad880a4c22d92d1c10efff2c1800e1d12a2cfe02ba14380aa56b4438b7bff0dd","00ed24e94518bd18afa9e52db34f28322ed2a6a69b1a27a98691e122ca665c530cca1212206362d76ef88b371d6fc768acdeef8123a0f1fb74b0e232e19ddf4f8ace1210bd","2026-02-06T15:55:08.329Z",2464974,"1b7f03612cc1ae73377e6de9d8a23336ed37cbb71fe8e8ab76bf406735a5b85b:DesynV01Vault:Vault","2026-02-18T03:54:31.946Z"
105,134,15,24,174,194,54,188,51,39,208,191,"auth0_007c6981b580bbbc196b68a876c5::1220ad880a4c22d92d1c10efff2c1800e1d12a2cfe02ba14380aa56b4438b7bff0dd","001a0595879327bfefa00a3d4c145e68125183c75a9ca78924d3a2f7e4852e1e03ca12122016fefb15ca89f0fb03a727965d543f4516906eae356548d452301b4e46932d96","2026-02-06T15:56:08.385Z",2465296,"1b7f03612cc1ae73377e6de9d8a23336ed37cbb71fe8e8ab76bf406735a5b85b:DesynV01Vault:Vault","2026-02-18T03:58:37.920Z"
105,134,15,98,174,194,54,188,51,39,209,100,"auth0_007c6981b580bbbc196b68a876c6::1220ad880a4c22d92d1c10efff2c1800e1d12a2cfe02ba14380aa56b4438b7bff0dd","00cfd2c8ac48162f026450d9124cd364609aef027e553de05a82ea0f6829fa18a8ca1212207a5a4c728777e10852ebb04bdda9b5819d23696085bd23d6aee28f32e376c59b","2026-02-06T15:57:22.314Z",2465644,"1b7f03612cc1ae73377e6de9d8a23336ed37cbb71fe8e8ab76bf406735a5b85b:DesynV01Vault:Vault","2026-02-18T04:02:45.298Z"
105,134,15,157,174,194,54,188,51,39,209,237,"auth0_007c6981b580bbbc196b68a876c7::1220ad880a4c22d92d1c10efff2c1800e1d12a2cfe02ba14380aa56b4438b7bff0dd","009259ce0ead695651a6383042b4242ee3f32546a71cfb55ec62c6bd7dad317fc7ca121220c04be2564ed0592acad4023f8068a5f69dae5326eb8d2f2d2c6961193c023aa6","2026-02-06T15:58:21.845Z",2465940,"1b7f03612cc1ae73377e6de9d8a23336ed37cbb71fe8e8ab76bf406735a5b85b:DesynV01Vault:Vault","2026-02-18T04:06:51.481Z"
105,134,15,218,174,194,54,188,51,39,210,123,"auth0_007c6981b580bbbc196b68a876c8::1220ad880a4c22d92d1c10efff2c1800e1d12a2cfe02ba14380aa56b4438b7bff0dd","00696d828c7649ac4c62803b4c5788b411288f3b853bf0659eab796365ba2ebe98ca12122097ff912fa2459ed5222733ca1558f5705af2375b87bf4c5c4f32d41ca61d5418","2026-02-06T15:59:22.636Z",2466265,"1b7f03612cc1ae73377e6de9d8a23336ed37cbb71fe8e8ab76bf406735a5b85b:DesynV01Vault:Vault","2026-02-18T04:10:47.736Z"
105,134,16,33,174,194,54,188,51,39,211,28,"auth0_007c6981b580bbbc196b68a876c9::1220ad880a4c22d92d1c10efff2c1800e1d12a2cfe02ba14380aa56b4438b7bff0dd","00e8363874856b740f789b78545654a456f0d4eafe7d6dc42f17d414061bdd4cafca1212207f9c2293f5b4b8c8edc4daf70dddaa32faab0ef3fd0cec451d02982198b69d2b","2026-02-06T16:00:33.998Z",2466619,"1b7f03612cc1ae73377e6de9d8a23336ed37cbb71fe8e8ab76bf406735a5b85b:DesynV01Vault:Vault","2026-02-18T04:14:54.092Z"
105,134,16,94,174,194,54,188,51,39,211,162,"auth0_007c6981b580bbbc196b68a876ca::1220ad880a4c22d92d1c10efff2c1800e1d12a2cfe02ba14380aa56b4438b7bff0dd","0075d49a2d19cbb482a8ff28f9e95363234cbf078936143c5bd8503aa6d801f362ca1212206242fe0cfcf5c9a61db87c93877d63738c59a7dc7e46e21eb358d77b8461d227","2026-02-06T16:01:34.805Z",2467011,"1b7f03612cc1ae73377e6de9d8a23336ed37cbb71fe8e8ab76bf406735a5b85b:DesynV01Vault:Vault","2026-02-18T04:19:00.786Z"
105,134,16,154,174,194,54,188,51,39,212,47,"auth0_007c6981b580bbbc196b68a876cb::1220ad880a4c22d92d1c10efff2c1800e1d12a2cfe02ba14380aa56b4438b7bff0dd","00828fef9f642fbc9ec1cc07ce95940a1ff09af9a3a30740493cea79c125862046ca121220db1178e2ec16ce011663977205b2cc8a07be56a5496ef53466164b4c91486f67","2026-02-06T16:02:34.839Z",2467360,"1b7f03612cc1ae73377e6de9d8a23336ed37cbb71fe8e8ab76bf406735a5b85b:DesynV01Vault:Vault","2026-02-18T04:23:07.094Z"
105,134,16,224,174,194,54,188,51,39,212,212,"auth0_007c6981b580bbbc196b68a876cc::1220ad880a4c22d92d1c10efff2c1800e1d12a2cfe02ba14380aa56b4438b7bff0dd","0007221a45badff6a2883ec5b8cfad1bf6b4f27f0ecf0b84eaca1316c591965f27ca121220b5d1adde1442f1e84d2a5441a2276f80a4823fbeb1f09ad1752b4c375d97fc47","2026-02-06T16:03:44.382Z",2467702,"1b7f03612cc1ae73377e6de9d8a23336ed37cbb71fe8e8ab76bf406735a5b85b:DesynV01Vault:Vault","2026-02-18T04:27:12.787Z"
105,134,17,28,174,194,54,188,51,39,213,95,"auth0_007c6981b580bbbc196b68a876cd::1220ad880a4c22d92d1c10efff2c1800e1d12a2cfe02ba14380aa56b4438b7bff0dd","002ffb6eea073e3db3627b896b1356405a9bdb10be9a906d98127640f5e9f2ce5dca12122069259c60aa4521fca9b07fb3abcec70f455e4d2098393f8b7b2590004a93c9b8","2026-02-06T16:04:44.488Z",2467935,"1b7f03612cc1ae73377e6de9d8a23336ed37cbb71fe8e8ab76bf406735a5b85b:DesynV01Vault:Vault","2026-02-18T04:31:18.943Z"